player_id,match_id,runs_scored,balls_faced,strike_rate,wickets_taken,overs_bowled,economy_rate,catches,stumpings,batting_position,innings,format
1,1,61,50,122.0,3,5.9,10.48,1,0,9,1,ODI
2,1,0,18,0.0,0,5.0,3.94,2,0,1,1,ODI
3,1,55,41,134.1,3,9.9,3.88,1,0,1,2,ODI
4,1,83,54,153.7,1,9.3,7.35,0,0,1,1,ODI
5,1,70,52,134.6,2,1.2,9.07,0,0,6,1,ODI
6,1,66,33,200.0,0,8.5,8.19,2,0,4,1,ODI
7,1,64,33,193.9,2,9.9,6.82,1,0,6,2,ODI
8,1,79,51,154.9,0,1.4,7.11,2,0,3,2,ODI
9,1,28,16,175.0,1,2.2,10.6,1,0,2,1,ODI
10,1,77,52,148.1,0,8.5,9.37,0,1,7,2,ODI
11,1,87,50,174.0,2,0.5,10.9,1,0,9,1,ODI
12,1,18,16,112.5,1,5.1,6.76,0,0,3,1,ODI
13,1,9,11,81.8,0,7.8,3.6,1,0,4,1,ODI
14,1,73,37,197.3,0,6.0,7.06,2,0,8,1,ODI
15,1,57,31,183.9,0,4.4,9.8,2,0,10,1,ODI
16,1,31,15,206.7,0,8.1,9.8,0,0,11,1,ODI
17,1,29,33,87.9,1,6.8,6.04,2,0,6,2,ODI
18,1,79,45,175.6,0,4.7,9.82,0,0,5,1,ODI
19,1,29,33,87.9,2,3.6,8.44,2,0,9,1,ODI
20,1,84,43,195.3,0,9.0,11.07,0,1,4,1,ODI
21,1,46,24,191.7,2,4.8,3.82,2,0,1,1,ODI
22,1,20,27,74.1,1,9.6,8.12,1,0,6,2,ODI
23,1,71,55,129.1,3,4.9,6.27,1,0,1,1,ODI
24,1,59,47,125.5,0,4.1,6.61,1,0,10,2,ODI
25,1,74,57,129.8,1,4.2,5.92,2,0,9,2,ODI
26,1,19,19,100.0,1,10.0,3.1,2,0,2,2,ODI
27,1,38,34,111.8,1,8.5,8.59,0,0,6,1,ODI
28,1,74,50,148.0,3,4.7,9.03,0,0,1,2,ODI
29,1,24,32,75.0,2,5.9,10.75,1,0,6,2,ODI
30,1,31,30,103.3,3,3.2,10.24,0,1,5,1,ODI
31,1,72,52,138.5,2,7.1,6.37,0,0,7,1,ODI
32,1,52,45,115.6,3,5.7,3.04,1,0,10,1,ODI
33,1,37,32,115.6,0,1.1,10.07,1,0,3,1,ODI
34,1,54,34,158.8,2,1.2,4.75,0,0,9,1,ODI
35,1,46,39,117.9,2,7.8,10.73,1,1,6,1,ODI
36,1,21,20,105.0,2,0.3,7.07,0,0,11,2,ODI
37,1,67,40,167.5,1,9.3,9.54,0,0,3,2,ODI
38,1,13,18,72.2,3,0.3,10.19,1,0,6,1,ODI
39,1,42,28,150.0,2,3.5,8.52,1,0,1,1,ODI
40,1,59,36,163.9,2,9.1,8.98,1,1,3,1,ODI
41,1,33,16,206.2,0,8.0,7.38,2,0,8,2,ODI
42,1,29,28,103.6,2,4.8,8.51,0,0,11,2,ODI
43,1,17,20,85.0,3,6.2,3.26,2,0,3,1,ODI
44,1,5,15,33.3,2,5.8,4.33,2,0,7,1,ODI
45,1,4,4,100.0,3,9.2,9.34,0,0,8,2,ODI
46,1,24,21,114.3,1,3.0,10.18,1,0,1,1,ODI
47,1,60,46,130.4,1,1.9,7.44,1,0,7,2,ODI
48,1,70,47,148.9,2,2.7,11.04,2,0,9,2,ODI
49,1,88,62,141.9,2,0.3,6.89,0,0,4,2,ODI
50,1,10,5,200.0,3,6.2,6.76,1,1,7,1,ODI
1,2,92,56,164.3,2,10.0,4.78,1,0,10,1,ODI
2,2,81,54,150.0,1,5.2,10.46,0,0,4,2,ODI
3,2,89,62,143.5,2,6.4,5.11,1,0,10,1,ODI
4,2,84,50,168.0,1,8.8,3.42,0,0,9,2,ODI
5,2,73,39,187.2,3,1.9,8.96,2,0,10,1,ODI
6,2,69,36,191.7,0,1.2,6.61,1,0,4,1,ODI
7,2,9,8,112.5,0,6.8,8.53,1,0,10,1,ODI
8,2,98,61,160.7,0,5.7,8.42,0,0,4,2,ODI
9,2,10,25,40.0,0,3.0,4.25,1,0,5,1,ODI
10,2,82,58,141.4,2,2.1,3.66,1,0,6,1,ODI
11,2,14,24,58.3,0,1.5,4.42,2,0,6,2,ODI
12,2,68,37,183.8,1,8.2,11.73,2,0,1,1,ODI
13,2,47,38,123.7,1,5.7,4.46,2,0,2,1,ODI
14,2,100,68,147.1,2,6.1,3.74,0,0,3,1,ODI
15,2,29,22,131.8,3,7.5,10.08,2,0,3,1,ODI
16,2,3,11,27.3,1,6.2,4.21,2,0,1,1,ODI
17,2,12,7,171.4,2,3.1,9.47,0,0,9,1,ODI
18,2,45,32,140.6,3,0.5,6.71,2,0,1,1,ODI
19,2,80,57,140.4,3,4.2,7.35,2,0,7,1,ODI
20,2,27,27,100.0,0,4.6,8.9,2,0,10,1,ODI
21,2,63,43,146.5,1,8.2,11.56,0,0,4,2,ODI
22,2,15,17,88.2,2,8.2,3.94,2,0,3,2,ODI
23,2,11,16,68.8,0,9.6,6.4,2,0,8,1,ODI
24,2,46,37,124.3,0,2.0,5.93,2,0,4,2,ODI
25,2,49,33,148.5,3,6.3,6.13,0,0,8,1,ODI
26,2,85,45,188.9,2,9.5,10.64,2,0,7,1,ODI
27,2,37,19,194.7,0,0.5,11.29,2,0,11,2,ODI
28,2,36,35,102.9,2,2.6,9.62,2,0,9,1,ODI
29,2,18,25,72.0,1,2.3,10.29,0,0,6,2,ODI
30,2,62,42,147.6,2,6.8,5.73,0,1,2,1,ODI
31,2,31,21,147.6,2,1.4,6.95,2,0,6,1,ODI
32,2,95,55,172.7,0,6.5,10.35,1,0,10,1,ODI
33,2,94,65,144.6,0,5.4,5.12,1,0,5,1,ODI
34,2,12,12,100.0,1,9.2,6.25,0,0,5,1,ODI
35,2,28,20,140.0,3,6.8,5.15,0,0,11,1,ODI
36,2,21,13,161.5,3,4.2,9.06,0,0,11,2,ODI
37,2,79,43,183.7,0,2.6,6.92,0,0,3,1,ODI
38,2,26,20,130.0,1,3.0,5.29,0,0,6,2,ODI
39,2,6,10,60.0,1,4.5,9.99,1,0,4,1,ODI
40,2,2,8,25.0,1,8.3,9.05,1,1,10,2,ODI
41,2,42,24,175.0,3,0.2,4.88,0,0,8,1,ODI
42,2,88,55,160.0,2,2.2,3.34,2,0,2,2,ODI
43,2,26,14,185.7,2,5.8,7.02,2,0,8,2,ODI
44,2,39,22,177.3,3,1.7,7.8,0,0,10,2,ODI
45,2,95,59,161.0,0,1.4,5.71,1,1,9,2,ODI
46,2,34,26,130.8,0,9.6,3.79,0,0,1,2,ODI
47,2,63,34,185.3,3,7.5,4.41,0,0,9,1,ODI
48,2,64,40,160.0,0,4.5,3.96,1,0,10,1,ODI
49,2,8,7,114.3,1,6.3,3.59,1,0,8,1,ODI
50,2,64,32,200.0,3,8.8,10.77,2,1,2,2,ODI
1,3,97,49,198.0,3,4.2,7.42,1,0,8,1,ODI
2,3,51,26,196.2,1,4.4,6.71,2,0,7,1,ODI
3,3,51,43,118.6,1,0.1,11.55,0,0,4,1,ODI
4,3,5,20,25.0,3,0.4,11.66,1,0,9,2,ODI
5,3,83,44,188.6,2,7.7,5.31,1,0,8,1,ODI
6,3,20,24,83.3,0,9.1,8.13,1,0,8,2,ODI
7,3,78,55,141.8,2,1.3,11.09,2,0,5,2,ODI
8,3,60,31,193.5,1,6.6,6.77,0,0,8,1,ODI
9,3,97,63,154.0,2,7.8,10.48,0,0,10,1,ODI
10,3,91,57,159.6,3,1.3,8.91,0,1,9,2,ODI
11,3,1,14,7.1,3,1.1,5.48,0,0,8,2,ODI
12,3,62,45,137.8,1,2.8,7.21,1,0,10,2,ODI
13,3,13,13,100.0,1,7.0,10.76,1,0,11,1,ODI
14,3,93,53,175.5,0,9.7,9.4,1,0,1,1,ODI
15,3,35,33,106.1,2,0.5,5.05,2,0,3,2,ODI
16,3,2,3,66.7,0,0.7,4.96,1,0,5,1,ODI
17,3,61,33,184.8,1,2.7,4.01,2,0,8,1,ODI
18,3,52,33,157.6,0,9.6,10.09,1,0,11,2,ODI
19,3,45,39,115.4,0,8.9,8.42,1,0,3,1,ODI
20,3,36,33,109.1,3,5.5,3.23,1,0,7,2,ODI
21,3,0,8,0.0,0,1.9,9.7,1,0,9,1,ODI
22,3,75,51,147.1,2,6.2,4.72,0,0,11,2,ODI
23,3,43,31,138.7,3,7.6,5.0,1,0,8,1,ODI
24,3,98,58,169.0,0,7.5,5.74,1,0,7,1,ODI
25,3,44,36,122.2,2,7.1,4.92,1,1,4,1,ODI
26,3,94,51,184.3,3,7.2,9.85,2,0,11,1,ODI
27,3,51,40,127.5,3,3.2,5.46,1,0,1,1,ODI
28,3,56,41,136.6,3,6.7,9.37,1,0,4,1,ODI
29,3,100,63,158.7,1,3.5,4.2,1,0,9,2,ODI
30,3,17,28,60.7,3,3.6,4.79,2,0,5,1,ODI
31,3,29,24,120.8,1,4.8,6.65,1,0,6,1,ODI
32,3,78,46,169.6,3,1.6,9.95,1,0,4,2,ODI
33,3,29,20,145.0,2,8.9,5.93,2,0,11,1,ODI
34,3,28,14,200.0,2,7.1,10.18,2,0,10,2,ODI
35,3,81,58,139.7,1,7.7,8.17,0,0,9,2,ODI
36,3,80,58,137.9,2,5.7,11.83,2,0,6,1,ODI
37,3,47,35,134.3,2,2.5,8.73,0,0,9,1,ODI
38,3,26,20,130.0,1,6.3,6.1,0,0,8,1,ODI
39,3,59,31,190.3,1,1.2,11.46,2,0,5,2,ODI
40,3,80,52,153.8,0,8.4,7.3,0,1,6,1,ODI
41,3,92,46,200.0,0,2.2,5.58,0,0,6,2,ODI
42,3,3,17,17.6,3,2.5,7.39,1,0,7,2,ODI
43,3,10,15,66.7,0,2.6,10.1,2,0,5,1,ODI
44,3,32,30,106.7,1,3.6,7.75,0,0,3,2,ODI
45,3,78,46,169.6,3,4.8,5.78,1,1,11,2,ODI
46,3,93,55,169.1,3,3.7,7.75,2,0,7,2,ODI
47,3,25,17,147.1,1,5.5,10.19,2,0,8,2,ODI
48,3,3,17,17.6,0,2.8,4.78,0,0,4,2,ODI
49,3,42,28,150.0,2,7.2,8.27,2,0,3,2,ODI
50,3,100,61,163.9,1,3.4,4.23,2,0,11,1,ODI
1,4,71,39,182.1,3,4.0,5.48,1,0,6,1,ODI
2,4,28,33,84.8,0,3.1,4.93,2,0,6,2,ODI
3,4,100,70,142.9,3,0.4,5.46,1,0,8,2,ODI
4,4,35,30,116.7,1,4.0,5.18,1,0,4,1,ODI
5,4,16,18,88.9,0,1.3,6.37,2,1,7,1,ODI
6,4,67,41,163.4,1,0.0,0.0,2,0,8,2,ODI
7,4,38,23,165.2,1,2.4,9.13,2,0,3,1,ODI
8,4,67,40,167.5,0,8.6,3.72,0,0,7,2,ODI
9,4,77,42,183.3,0,1.3,3.04,1,0,7,1,ODI
10,4,26,23,113.0,0,7.7,9.13,1,0,2,1,ODI
11,4,1,11,9.1,0,1.1,6.6,1,0,8,1,ODI
12,4,16,12,133.3,3,8.4,11.15,0,0,6,1,ODI
13,4,52,41,126.8,3,6.7,9.73,1,0,5,2,ODI
14,4,27,33,81.8,1,1.4,8.43,0,0,2,1,ODI
15,4,16,11,145.5,1,8.6,5.05,2,0,3,1,ODI
16,4,72,48,150.0,2,8.9,11.31,1,0,6,1,ODI
17,4,76,41,185.4,1,9.1,4.71,1,0,7,1,ODI
18,4,99,59,167.8,2,6.4,9.42,0,0,3,1,ODI
19,4,79,57,138.6,2,8.2,7.11,1,0,9,1,ODI
20,4,97,51,190.2,0,1.2,8.55,0,1,9,1,ODI
21,4,45,31,145.2,2,6.7,5.36,1,0,1,1,ODI
22,4,20,14,142.9,3,3.7,9.56,0,0,1,2,ODI
23,4,42,26,161.5,2,4.3,10.06,2,0,2,1,ODI
24,4,91,59,154.2,0,6.9,5.95,0,0,2,2,ODI
25,4,94,66,142.4,2,0.1,8.27,1,0,3,2,ODI
26,4,31,23,134.8,0,3.4,5.39,2,0,5,1,ODI
27,4,21,14,150.0,2,6.1,10.56,2,0,8,1,ODI
28,4,76,58,131.0,2,9.3,10.48,2,0,9,2,ODI
29,4,48,31,154.8,3,1.4,4.91,1,0,9,2,ODI
30,4,27,26,103.8,1,0.9,5.97,2,0,1,2,ODI
31,4,57,45,126.7,2,5.5,9.24,1,0,6,1,ODI
32,4,72,45,160.0,0,8.5,6.65,1,0,10,1,ODI
33,4,82,54,151.9,1,3.1,9.85,2,0,2,1,ODI
34,4,27,23,117.4,3,5.5,10.54,2,0,5,1,ODI
35,4,41,28,146.4,0,7.0,6.65,2,0,11,2,ODI
36,4,17,15,113.3,2,5.3,3.85,0,0,7,1,ODI
37,4,73,51,143.1,1,9.0,7.38,2,0,2,1,ODI
38,4,55,47,117.0,0,8.5,8.53,0,0,4,2,ODI
39,4,17,10,170.0,0,0.8,3.43,1,0,4,2,ODI
40,4,52,27,192.6,2,8.9,4.4,1,1,6,2,ODI
41,4,85,50,170.0,3,9.6,8.4,0,0,9,1,ODI
42,4,74,51,145.1,0,5.7,8.96,2,0,4,2,ODI
43,4,16,12,133.3,3,1.6,7.56,0,0,3,1,ODI
44,4,90,63,142.9,0,6.1,10.54,0,0,9,2,ODI
45,4,92,61,150.8,2,2.4,5.29,2,1,1,2,ODI
46,4,98,60,163.3,3,2.6,11.11,0,0,5,1,ODI
47,4,1,14,7.1,1,5.0,5.92,0,0,4,2,ODI
48,4,2,3,66.7,1,4.9,6.69,1,0,10,1,ODI
49,4,24,32,75.0,0,0.0,0.0,0,0,8,1,ODI
50,4,0,7,0.0,3,0.4,7.44,0,1,2,1,ODI
1,5,37,28,132.1,0,4.6,3.52,1,0,10,1,ODI
2,5,84,42,200.0,1,9.6,6.86,1,0,5,2,ODI
3,5,87,45,193.3,2,9.2,5.65,0,0,1,2,ODI
4,5,25,24,104.2,0,4.3,10.1,0,0,1,2,ODI
5,5,13,17,76.5,2,9.4,5.99,1,0,7,1,ODI
6,5,30,24,125.0,1,3.5,6.55,0,0,8,2,ODI
7,5,14,10,140.0,3,2.6,3.88,1,0,3,1,ODI
8,5,92,53,173.6,0,5.7,4.5,1,0,8,1,ODI
9,5,35,20,175.0,0,6.2,3.54,2,0,7,1,ODI
10,5,6,23,26.1,0,6.6,3.89,2,1,7,2,ODI
11,5,74,39,189.7,0,2.9,11.46,0,0,7,2,ODI
12,5,8,17,47.1,3,2.0,5.1,1,0,1,2,ODI
13,5,71,45,157.8,2,0.6,11.14,2,0,3,1,ODI
14,5,88,61,144.3,3,9.7,10.72,1,0,11,1,ODI
15,5,8,9,88.9,2,3.7,9.26,0,0,11,2,ODI
16,5,33,27,122.2,0,2.7,5.16,0,0,10,1,ODI
17,5,7,6,116.7,2,1.2,7.07,1,0,10,1,ODI
18,5,90,52,173.1,0,8.1,7.14,0,0,11,1,ODI
19,5,12,13,92.3,1,8.1,6.21,0,0,3,1,ODI
20,5,99,62,159.7,2,1.1,5.4,2,0,4,2,ODI
21,5,43,34,126.5,3,7.9,9.72,2,0,1,1,ODI
22,5,11,13,84.6,3,6.4,4.19,2,0,3,1,ODI
23,5,38,29,131.0,0,2.1,9.4,0,0,11,1,ODI
24,5,7,9,77.8,0,1.1,8.41,1,0,9,2,ODI
25,5,16,8,200.0,3,0.5,6.9,2,1,11,1,ODI
26,5,76,39,194.9,1,6.2,4.11,1,0,7,1,ODI
27,5,15,22,68.2,2,6.6,6.17,0,0,9,2,ODI
28,5,70,39,179.5,3,6.8,10.52,0,0,5,1,ODI
29,5,34,25,136.0,2,8.5,11.43,0,0,3,1,ODI
30,5,19,15,126.7,3,9.1,7.12,0,0,10,1,ODI
31,5,4,19,21.1,0,2.7,6.74,1,0,8,1,ODI
32,5,87,63,138.1,2,9.1,7.36,1,0,7,2,ODI
33,5,79,58,136.2,2,6.6,5.97,0,0,5,2,ODI
34,5,58,35,165.7,2,3.1,9.27,0,0,5,1,ODI
35,5,33,16,206.2,3,6.4,3.71,1,1,5,2,ODI
36,5,5,12,41.7,3,8.5,10.46,0,0,11,1,ODI
37,5,76,42,181.0,1,7.4,3.83,0,0,11,2,ODI
38,5,98,54,181.5,1,3.5,9.18,2,0,5,1,ODI
39,5,92,57,161.4,1,8.8,3.04,1,0,4,2,ODI
40,5,5,7,71.4,0,6.2,8.25,0,0,10,2,ODI
41,5,36,20,180.0,2,2.9,8.32,2,0,7,2,ODI
42,5,92,47,195.7,3,5.3,4.59,1,0,11,1,ODI
43,5,74,48,154.2,0,5.0,3.44,2,0,4,1,ODI
44,5,78,47,166.0,3,1.8,6.81,2,0,1,1,ODI
45,5,12,26,46.2,3,7.1,10.62,2,1,5,1,ODI
46,5,79,40,197.5,1,3.2,7.26,1,0,8,2,ODI
47,5,88,59,149.2,0,6.6,11.38,2,0,8,1,ODI
48,5,2,9,22.2,3,7.6,4.78,0,0,2,2,ODI
49,5,98,64,153.1,2,3.1,6.11,1,0,3,1,ODI
50,5,24,29,82.8,2,1.7,10.94,1,1,11,1,ODI
1,6,96,55,174.5,0,5.4,10.23,1,0,1,1,Test
2,6,4,21,19.0,0,7.4,6.85,2,0,2,2,Test
3,6,17,24,70.8,1,2.8,7.93,2,0,5,1,Test
4,6,64,43,148.8,3,6.7,7.39,2,0,9,1,Test
5,6,65,34,191.2,0,4.7,3.17,1,1,1,1,Test
6,6,64,49,130.6,3,7.1,5.65,0,0,7,2,Test
7,6,52,38,136.8,0,5.7,6.44,1,0,9,1,Test
8,6,19,25,76.0,1,8.6,4.46,2,0,11,2,Test
9,6,28,30,93.3,0,7.3,11.23,1,0,9,1,Test
10,6,73,51,143.1,3,5.0,6.14,2,0,2,2,Test
11,6,94,55,170.9,2,2.4,3.74,0,0,1,1,Test
12,6,34,25,136.0,3,3.8,9.43,1,0,2,1,Test
13,6,32,19,168.4,1,8.1,8.63,0,0,10,2,Test
14,6,9,5,180.0,3,2.0,3.23,0,0,2,2,Test
15,6,90,62,145.2,3,1.0,7.59,0,1,8,1,Test
16,6,75,42,178.6,0,1.1,6.08,1,0,7,2,Test
17,6,30,26,115.4,1,8.4,5.53,2,0,2,2,Test
18,6,44,32,137.5,2,0.2,6.0,2,0,2,1,Test
19,6,34,29,117.2,1,7.8,4.87,2,0,1,1,Test
20,6,78,41,190.2,3,2.9,3.53,2,0,7,1,Test
21,6,45,42,107.1,0,0.7,6.19,0,0,4,1,Test
22,6,0,8,0.0,0,1.6,11.58,1,0,4,1,Test
23,6,34,28,121.4,3,3.9,10.11,1,0,9,1,Test
24,6,75,45,166.7,2,5.1,10.04,2,0,5,1,Test
25,6,1,16,6.2,0,3.7,3.49,0,1,6,1,Test
26,6,68,50,136.0,2,0.6,7.71,0,0,4,1,Test
27,6,65,52,125.0,3,1.3,11.47,1,0,3,2,Test
28,6,65,39,166.7,3,6.3,10.92,2,0,7,2,Test
29,6,21,24,87.5,0,1.7,6.01,2,0,5,2,Test
30,6,3,3,100.0,2,6.8,5.63,0,1,6,2,Test
31,6,99,50,198.0,0,8.4,7.89,0,0,7,1,Test
32,6,28,29,96.6,3,6.6,11.06,1,0,1,2,Test
33,6,22,29,75.9,1,0.9,3.23,1,0,3,2,Test
34,6,27,29,93.1,3,7.3,5.64,1,0,10,2,Test
35,6,6,5,120.0,2,4.7,3.27,2,1,5,2,Test
36,6,66,42,157.1,2,9.6,6.74,2,0,7,2,Test
37,6,28,19,147.4,2,2.4,8.81,2,0,9,2,Test
38,6,51,29,175.9,0,0.9,11.89,1,0,10,2,Test
39,6,48,28,171.4,0,2.1,3.67,0,0,2,2,Test
40,6,79,53,149.1,3,7.8,11.08,1,0,6,2,Test
41,6,94,48,195.8,1,5.0,4.31,2,0,9,1,Test
42,6,83,44,188.6,1,4.0,10.21,1,0,8,1,Test
43,6,48,25,192.0,2,8.3,9.11,1,0,4,1,Test
44,6,65,36,180.6,3,1.5,8.66,1,0,1,1,Test
45,6,63,36,175.0,1,4.2,4.67,0,0,10,1,Test
46,6,69,54,127.8,2,6.9,7.96,1,0,3,1,Test
47,6,53,46,115.2,2,6.7,4.84,0,0,6,1,Test
48,6,98,66,148.5,0,2.9,6.65,0,0,2,1,Test
49,6,90,57,157.9,1,2.4,11.28,1,0,3,2,Test
50,6,89,49,181.6,2,0.1,7.71,2,1,11,1,Test
1,7,35,24,145.8,3,0.7,11.15,1,0,8,2,ODI
2,7,9,9,100.0,3,5.3,10.14,2,0,11,1,ODI
3,7,41,24,170.8,3,2.9,3.75,0,0,6,1,ODI
4,7,55,40,137.5,2,7.9,6.47,0,0,8,2,ODI
5,7,96,49,195.9,3,4.3,4.15,1,0,8,1,ODI
6,7,90,63,142.9,2,0.5,9.92,2,0,11,2,ODI
7,7,54,40,135.0,2,8.4,5.0,1,0,11,1,ODI
8,7,90,45,200.0,1,3.1,5.61,2,0,8,2,ODI
9,7,46,27,170.4,2,8.1,7.89,2,0,10,1,ODI
10,7,0,5,0.0,3,0.6,8.65,1,0,7,1,ODI
11,7,31,30,103.3,2,1.9,11.63,0,0,5,1,ODI
12,7,41,22,186.4,3,5.7,3.37,2,0,11,1,ODI
13,7,45,29,155.2,1,1.2,11.9,0,0,7,2,ODI
14,7,15,12,125.0,0,4.5,10.61,1,0,11,2,ODI
15,7,13,7,185.7,1,4.7,9.06,0,0,5,1,ODI
16,7,63,51,123.5,0,7.7,4.31,0,0,8,2,ODI
17,7,12,20,60.0,1,2.1,3.93,2,0,10,2,ODI
18,7,72,44,163.6,0,7.5,8.24,2,0,4,2,ODI
19,7,32,32,100.0,1,6.0,11.48,2,0,1,2,ODI
20,7,37,20,185.0,3,6.6,10.99,2,1,5,2,ODI
21,7,96,62,154.8,1,5.8,6.21,0,0,1,2,ODI
22,7,26,32,81.2,3,8.2,3.75,2,0,5,1,ODI
23,7,57,32,178.1,2,3.9,5.88,2,0,1,1,ODI
24,7,48,28,171.4,0,5.6,8.15,0,0,4,2,ODI
25,7,70,54,129.6,0,4.6,6.18,2,0,1,2,ODI
26,7,41,25,164.0,0,1.9,6.67,2,0,10,2,ODI
27,7,27,23,117.4,0,4.6,6.64,1,0,5,1,ODI
28,7,33,30,110.0,1,5.1,7.32,0,0,2,2,ODI
29,7,34,35,97.1,3,4.3,9.15,2,0,9,2,ODI
30,7,1,19,5.3,0,8.7,9.77,0,0,5,1,ODI
31,7,63,39,161.5,0,2.3,4.82,0,0,1,1,ODI
32,7,54,28,192.9,2,7.3,5.84,0,0,6,1,ODI
33,7,71,47,151.1,3,4.8,11.87,0,0,7,1,ODI
34,7,66,50,132.0,0,2.9,5.81,2,0,11,1,ODI
35,7,12,9,133.3,0,8.4,3.97,0,1,3,1,ODI
36,7,2,2,100.0,3,4.3,4.76,2,0,11,1,ODI
37,7,73,55,132.7,2,4.4,6.11,1,0,3,2,ODI
38,7,90,52,173.1,0,9.7,8.0,2,0,8,2,ODI
39,7,1,15,6.7,3,6.2,9.15,0,0,7,1,ODI
40,7,3,13,23.1,0,3.1,8.1,2,0,1,1,ODI
41,7,15,19,78.9,1,0.4,5.39,1,0,7,2,ODI
42,7,23,27,85.2,1,2.0,5.37,0,0,9,1,ODI
43,7,36,30,120.0,3,0.9,4.08,0,0,8,2,ODI
44,7,60,38,157.9,1,2.6,9.04,1,0,4,1,ODI
45,7,52,39,133.3,1,0.7,9.23,1,1,10,1,ODI
46,7,78,57,136.8,2,1.2,6.78,0,0,6,2,ODI
47,7,23,11,209.1,0,3.1,4.55,1,0,5,2,ODI
48,7,37,28,132.1,2,0.0,0.0,0,0,6,1,ODI
49,7,76,39,194.9,3,7.8,7.66,0,0,1,1,ODI
50,7,62,51,121.6,2,1.1,4.19,1,1,3,2,ODI
1,8,84,47,178.7,1,7.2,8.24,1,0,11,2,ODI
2,8,85,61,139.3,3,8.1,6.97,2,0,7,1,ODI
3,8,99,68,145.6,2,2.5,11.88,0,0,3,1,ODI
4,8,28,27,103.7,0,3.6,6.04,0,0,6,1,ODI
5,8,52,42,123.8,3,7.6,6.24,2,1,1,2,ODI
6,8,62,32,193.8,1,4.6,7.44,1,0,10,2,ODI
7,8,52,45,115.6,1,6.7,6.42,0,0,5,1,ODI
8,8,73,55,132.7,2,9.4,4.45,2,0,6,2,ODI
9,8,23,21,109.5,0,2.5,9.37,1,0,11,1,ODI
10,8,54,33,163.6,0,0.3,6.21,2,1,9,2,ODI
11,8,65,34,191.2,2,8.5,4.53,0,0,3,2,ODI
12,8,6,14,42.9,0,9.5,3.29,0,0,2,1,ODI
13,8,51,29,175.9,2,0.5,4.7,0,0,5,2,ODI
14,8,22,30,73.3,2,9.4,5.47,1,0,1,2,ODI
15,8,27,17,158.8,3,2.8,10.23,2,0,10,1,ODI
16,8,67,37,181.1,3,9.1,10.56,0,0,4,1,ODI
17,8,29,24,120.8,1,9.9,7.37,0,0,2,2,ODI
18,8,92,62,148.4,0,7.3,3.01,1,0,4,1,ODI
19,8,48,43,111.6,1,9.8,3.88,2,0,10,1,ODI
20,8,50,38,131.6,2,0.6,4.21,0,1,7,2,ODI
21,8,19,22,86.4,2,7.5,3.69,1,0,10,1,ODI
22,8,50,39,128.2,0,3.9,4.17,1,0,4,1,ODI
23,8,59,48,122.9,3,9.1,4.43,0,0,5,2,ODI
24,8,7,8,87.5,0,0.0,0.0,1,0,10,2,ODI
25,8,48,44,109.1,0,2.6,3.76,0,1,8,2,ODI
26,8,28,17,164.7,2,2.9,10.86,0,0,7,1,ODI
27,8,98,57,171.9,1,2.4,4.71,1,0,4,2,ODI
28,8,7,8,87.5,1,8.9,9.29,0,0,1,2,ODI
29,8,97,50,194.0,0,8.3,4.98,1,0,3,2,ODI
30,8,23,20,115.0,1,6.4,4.95,2,1,2,2,ODI
31,8,71,48,147.9,2,7.4,10.87,2,0,10,1,ODI
32,8,52,27,192.6,2,0.1,5.93,1,0,2,1,ODI
33,8,97,64,151.6,1,8.1,11.01,1,0,5,1,ODI
34,8,66,45,146.7,0,1.0,8.91,2,0,10,1,ODI
35,8,42,32,131.2,2,8.6,8.2,1,0,9,1,ODI
36,8,74,50,148.0,3,3.3,3.05,1,0,1,2,ODI
37,8,85,44,193.2,3,8.3,9.39,1,0,7,1,ODI
38,8,75,47,159.6,1,6.7,3.87,2,0,4,2,ODI
39,8,30,30,100.0,2,6.2,4.95,0,0,11,1,ODI
40,8,14,8,175.0,0,1.1,6.52,2,1,10,2,ODI
41,8,28,33,84.8,2,2.3,5.3,2,0,3,1,ODI
42,8,31,26,119.2,3,3.7,6.82,2,0,3,2,ODI
43,8,16,21,76.2,3,9.0,6.17,2,0,2,2,ODI
44,8,77,57,135.1,1,7.5,5.57,2,0,1,2,ODI
45,8,75,39,192.3,0,5.6,8.72,1,0,8,1,ODI
46,8,38,26,146.2,3,5.6,11.06,0,0,1,2,ODI
47,8,8,17,47.1,1,1.0,11.89,1,0,11,1,ODI
48,8,74,40,185.0,3,3.4,9.63,0,0,2,2,ODI
49,8,98,65,150.8,3,6.1,7.55,2,0,5,2,ODI
50,8,86,54,159.3,0,2.1,9.45,2,1,1,2,ODI
1,9,84,51,164.7,2,0.9,9.38,1,0,11,1,ODI
2,9,42,40,105.0,3,0.5,11.83,1,0,9,2,ODI
3,9,92,59,155.9,1,0.5,7.38,1,0,5,2,ODI
4,9,0,9,0.0,1,5.3,7.84,1,0,8,2,ODI
5,9,70,52,134.6,1,1.8,7.29,2,0,1,1,ODI
6,9,27,16,168.8,2,2.8,8.98,0,0,4,1,ODI
7,9,12,15,80.0,0,1.7,10.79,2,0,5,2,ODI
8,9,65,36,180.6,2,5.7,9.52,1,0,3,1,ODI
9,9,51,41,124.4,2,0.2,9.54,1,0,3,2,ODI
10,9,34,34,100.0,2,1.7,9.53,2,0,3,2,ODI
11,9,79,40,197.5,2,9.3,4.17,2,0,6,2,ODI
12,9,92,59,155.9,0,5.7,8.26,2,0,7,1,ODI
13,9,76,41,185.4,1,7.6,6.44,1,0,7,2,ODI
14,9,57,31,183.9,0,1.9,10.97,2,0,8,1,ODI
15,9,43,24,179.2,0,7.1,5.04,1,0,9,1,ODI
16,9,3,10,30.0,0,4.9,8.77,0,0,6,2,ODI
17,9,47,34,138.2,2,3.8,7.04,2,0,11,2,ODI
18,9,11,22,50.0,3,4.0,10.33,1,0,4,2,ODI
19,9,83,47,176.6,1,1.2,6.27,2,0,3,2,ODI
20,9,15,24,62.5,0,3.4,10.58,0,1,10,1,ODI
21,9,99,54,183.3,3,1.5,7.78,0,0,1,1,ODI
22,9,39,28,139.3,3,7.8,4.59,2,0,2,1,ODI
23,9,98,66,148.5,0,8.2,10.97,1,0,11,1,ODI
24,9,96,59,162.7,3,1.0,11.02,0,0,9,1,ODI
25,9,54,42,128.6,3,1.8,10.92,2,1,2,1,ODI
26,9,31,19,163.2,1,5.9,7.93,2,0,4,1,ODI
27,9,73,42,173.8,3,1.8,7.92,0,0,9,1,ODI
28,9,31,20,155.0,2,2.6,8.28,0,0,11,2,ODI
29,9,4,5,80.0,0,0.8,4.35,1,0,4,1,ODI
30,9,81,49,165.3,1,8.1,5.03,0,1,5,2,ODI
31,9,73,51,143.1,3,5.8,8.24,2,0,2,1,ODI
32,9,50,38,131.6,0,2.5,3.96,1,0,5,2,ODI
33,9,74,57,129.8,0,1.8,10.3,0,0,6,1,ODI
34,9,22,29,75.9,1,7.8,9.61,0,0,10,1,ODI
35,9,50,39,128.2,0,9.7,6.98,0,1,4,2,ODI
36,9,44,35,125.7,1,1.2,7.86,0,0,10,2,ODI
37,9,3,13,23.1,1,8.3,3.91,1,0,5,1,ODI
38,9,63,49,128.6,0,6.9,9.81,0,0,2,2,ODI
39,9,46,38,121.1,0,1.8,10.9,2,0,9,1,ODI
40,9,98,53,184.9,1,7.2,3.63,0,1,8,1,ODI
41,9,2,13,15.4,0,4.9,3.67,2,0,5,1,ODI
42,9,57,37,154.1,3,3.6,10.64,1,0,11,2,ODI
43,9,90,46,195.7,2,3.7,10.14,0,0,8,2,ODI
44,9,89,62,143.5,0,6.7,4.69,2,0,10,1,ODI
45,9,3,10,30.0,0,0.6,9.8,1,1,5,1,ODI
46,9,31,27,114.8,1,5.9,10.52,0,0,10,2,ODI
47,9,37,28,132.1,2,4.3,4.01,1,0,5,2,ODI
48,9,65,35,185.7,0,4.5,11.63,1,0,8,1,ODI
49,9,94,62,151.6,3,3.1,9.89,2,0,4,1,ODI
50,9,17,16,106.2,2,3.7,9.08,1,0,8,1,ODI
1,10,1,1,100.0,0,1.3,6.79,2,0,3,1,Test
2,10,59,46,128.3,0,5.1,4.61,0,0,11,2,Test
3,10,76,41,185.4,0,2.3,11.81,2,0,9,1,Test
4,10,67,48,139.6,0,3.0,7.13,0,0,11,2,Test
5,10,20,14,142.9,3,3.0,3.27,1,1,3,2,Test
6,10,6,19,31.6,1,0.5,11.65,0,0,7,2,Test
7,10,7,18,38.9,0,4.1,4.58,0,0,10,1,Test
8,10,100,60,166.7,2,3.4,4.78,2,0,8,1,Test
9,10,5,5,100.0,0,2.1,5.25,2,0,8,1,Test
10,10,24,26,92.3,0,3.7,7.27,1,0,7,2,Test
11,10,28,22,127.3,1,9.0,7.69,1,0,7,2,Test
12,10,42,36,116.7,1,0.2,3.69,1,0,1,2,Test
13,10,27,16,168.8,3,6.2,7.75,1,0,7,2,Test
14,10,79,53,149.1,3,4.4,4.97,1,0,1,1,Test
15,10,96,53,181.1,3,3.4,6.77,0,1,1,2,Test
16,10,94,52,180.8,1,9.2,10.61,2,0,6,1,Test
17,10,13,20,65.0,2,7.2,10.62,1,0,5,2,Test
18,10,68,36,188.9,2,9.6,3.5,1,0,4,1,Test
19,10,18,28,64.3,0,2.3,9.65,2,0,1,2,Test
20,10,37,25,148.0,1,4.8,10.78,2,0,10,2,Test
21,10,37,22,168.2,2,8.0,8.19,0,0,11,2,Test
22,10,45,34,132.4,0,1.6,4.2,1,0,9,1,Test
23,10,53,26,203.8,1,6.3,6.15,2,0,3,2,Test
24,10,34,32,106.2,3,1.5,10.03,0,0,5,1,Test
25,10,71,43,165.1,2,3.3,4.93,2,1,3,2,Test
26,10,36,37,97.3,0,0.3,9.62,2,0,1,1,Test
27,10,29,17,170.6,0,4.8,6.23,1,0,9,2,Test
28,10,26,22,118.2,0,9.6,4.62,0,0,2,2,Test
29,10,69,35,197.1,2,5.8,6.86,1,0,7,2,Test
30,10,28,23,121.7,1,2.0,8.21,1,0,1,1,Test
31,10,30,32,93.8,1,5.8,7.25,1,0,3,1,Test
32,10,29,28,103.6,2,4.5,6.5,1,0,8,1,Test
33,10,93,52,178.8,0,10.0,9.67,2,0,8,2,Test
34,10,88,45,195.6,3,6.4,8.46,0,0,11,2,Test
35,10,32,28,114.3,2,8.8,3.11,1,1,2,1,Test
36,10,67,50,134.0,1,6.2,7.6,0,0,2,2,Test
37,10,56,37,151.4,2,5.2,5.16,2,0,10,2,Test
38,10,27,22,122.7,0,8.5,9.12,2,0,11,2,Test
39,10,75,55,136.4,0,4.3,6.78,0,0,5,2,Test
40,10,26,31,83.9,3,2.6,6.8,2,1,7,2,Test
41,10,20,20,100.0,3,0.0,0.0,2,0,8,1,Test
42,10,19,15,126.7,3,0.3,9.23,1,0,7,2,Test
43,10,33,22,150.0,3,0.7,11.85,0,0,6,1,Test
44,10,48,28,171.4,3,6.3,9.37,1,0,1,1,Test
45,10,68,47,144.7,0,7.2,11.08,0,1,5,1,Test
46,10,91,52,175.0,2,2.0,4.12,0,0,9,1,Test
47,10,48,25,192.0,1,1.0,9.39,1,0,11,2,Test
48,10,46,29,158.6,2,4.6,8.08,1,0,8,2,Test
49,10,70,48,145.8,0,2.6,3.6,2,0,5,2,Test
50,10,17,28,60.7,2,2.2,6.65,2,0,9,2,Test
1,11,68,45,151.1,0,0.7,5.59,1,0,3,1,T20I
2,11,76,38,200.0,2,8.3,11.72,2,0,5,2,T20I
3,11,29,16,181.2,1,9.9,10.43,0,0,9,2,T20I
4,11,94,58,162.1,1,2.7,9.76,2,0,4,2,T20I
5,11,83,45,184.4,0,5.3,10.15,2,1,11,2,T20I
6,11,14,19,73.7,0,4.4,10.57,0,0,1,2,T20I
7,11,18,29,62.1,3,5.6,10.38,2,0,8,2,T20I
8,11,60,33,181.8,3,4.9,3.21,1,0,1,2,T20I
9,11,40,31,129.0,2,4.2,11.27,0,0,8,1,T20I
10,11,75,42,178.6,0,9.3,9.23,0,0,5,2,T20I
11,11,25,16,156.2,0,4.6,10.01,2,0,6,1,T20I
12,11,82,57,143.9,1,9.2,9.68,0,0,3,2,T20I
13,11,99,66,150.0,1,7.7,4.56,1,0,2,1,T20I
14,11,54,29,186.2,0,1.8,7.88,2,0,10,1,T20I
15,11,65,37,175.7,0,2.8,3.06,1,0,10,1,T20I
16,11,76,58,131.0,2,9.2,5.37,0,0,9,1,T20I
17,11,91,61,149.2,1,0.0,0.0,2,0,9,2,T20I
18,11,30,33,90.9,0,4.0,8.95,2,0,11,1,T20I
19,11,75,53,141.5,3,5.0,5.51,0,0,8,2,T20I
20,11,42,34,123.5,0,1.8,8.43,0,0,11,1,T20I
21,11,63,36,175.0,3,6.1,6.39,1,0,8,1,T20I
22,11,59,38,155.3,2,3.6,7.35,2,0,9,1,T20I
23,11,36,34,105.9,3,1.6,5.86,1,0,2,1,T20I
24,11,3,5,60.0,0,2.5,10.61,2,0,3,2,T20I
25,11,8,11,72.7,1,7.7,5.7,2,1,9,1,T20I
26,11,83,57,145.6,0,0.1,5.24,2,0,10,2,T20I
27,11,63,44,143.2,2,0.2,5.41,2,0,8,1,T20I
28,11,83,55,150.9,2,6.2,6.39,0,0,5,2,T20I
29,11,86,62,138.7,3,3.2,5.25,1,0,2,2,T20I
30,11,43,23,187.0,0,5.7,4.74,2,0,4,1,T20I
31,11,19,15,126.7,3,1.5,7.01,0,0,2,2,T20I
32,11,75,41,182.9,0,0.2,11.89,0,0,4,1,T20I
33,11,93,57,163.2,3,5.8,6.21,2,0,9,1,T20I
34,11,86,60,143.3,1,2.4,4.9,1,0,3,1,T20I
35,11,27,22,122.7,0,9.7,10.58,0,1,5,2,T20I
36,11,97,54,179.6,3,2.9,6.77,2,0,3,1,T20I
37,11,48,32,150.0,0,3.5,6.51,1,0,6,2,T20I
38,11,33,23,143.5,2,1.6,11.73,1,0,1,1,T20I
39,11,76,52,146.2,2,6.3,3.99,0,0,9,1,T20I
40,11,61,44,138.6,1,4.5,4.68,0,1,1,2,T20I
41,11,66,49,134.7,0,5.7,6.5,2,0,2,1,T20I
42,11,96,68,141.2,0,9.8,6.45,1,0,9,1,T20I
43,11,62,43,144.2,0,0.2,4.66,0,0,5,1,T20I
44,11,27,25,108.0,1,2.9,10.75,0,0,7,2,T20I
45,11,6,17,35.3,3,4.5,10.15,0,0,2,2,T20I
46,11,40,34,117.6,0,3.8,4.68,1,0,6,1,T20I
47,11,67,50,134.0,3,7.8,7.93,1,0,3,2,T20I
48,11,58,41,141.5,0,6.1,11.1,0,0,1,1,T20I
49,11,51,41,124.4,1,9.1,11.24,2,0,9,2,T20I
50,11,43,37,116.2,2,8.2,9.79,0,0,8,2,T20I
1,12,16,25,64.0,2,7.5,10.46,2,0,10,1,ODI
2,12,47,28,167.9,2,5.8,5.61,2,0,2,2,ODI
3,12,52,29,179.3,2,0.2,4.7,2,0,4,1,ODI
4,12,48,28,171.4,2,8.2,9.75,0,0,5,2,ODI
5,12,58,43,134.9,3,2.4,10.23,1,1,9,2,ODI
6,12,10,19,52.6,3,8.4,9.11,2,0,6,1,ODI
7,12,71,50,142.0,1,9.4,11.79,0,0,7,1,ODI
8,12,31,24,129.2,1,3.0,8.15,0,0,7,2,ODI
9,12,44,33,133.3,3,2.0,9.84,2,0,11,2,ODI
10,12,69,39,176.9,0,2.3,8.17,0,1,8,1,ODI
11,12,100,69,144.9,3,8.1,4.57,1,0,2,1,ODI
12,12,82,56,146.4,1,8.3,7.76,0,0,4,1,ODI
13,12,89,64,139.1,0,1.9,7.98,1,0,6,1,ODI
14,12,23,25,92.0,2,9.0,7.26,2,0,9,2,ODI
15,12,85,57,149.1,1,1.6,8.03,2,1,9,2,ODI
16,12,0,6,0.0,2,4.6,8.29,2,0,1,2,ODI
17,12,78,58,134.5,1,8.2,7.66,2,0,8,2,ODI
18,12,66,44,150.0,3,1.9,11.35,2,0,3,1,ODI
19,12,68,43,158.1,2,4.5,8.11,0,0,3,1,ODI
20,12,36,26,138.5,0,0.6,8.52,1,0,11,2,ODI
21,12,47,38,123.7,0,6.5,3.73,0,0,9,2,ODI
22,12,65,34,191.2,1,8.2,4.19,0,0,8,2,ODI
23,12,70,54,129.6,1,5.6,7.9,0,0,3,1,ODI
24,12,74,53,139.6,1,3.6,7.43,0,0,11,2,ODI
25,12,40,32,125.0,2,4.0,10.15,2,1,5,2,ODI
26,12,7,8,87.5,2,5.0,4.81,1,0,10,1,ODI
27,12,25,21,119.0,0,7.2,5.48,1,0,3,2,ODI
28,12,73,48,152.1,3,7.2,7.47,2,0,6,2,ODI
29,12,2,17,11.8,2,9.4,5.4,2,0,7,1,ODI
30,12,34,29,117.2,2,5.1,11.38,0,1,7,2,ODI
31,12,61,45,135.6,3,5.8,6.88,2,0,6,2,ODI
32,12,33,26,126.9,3,7.7,11.06,1,0,10,1,ODI
33,12,10,18,55.6,2,3.8,6.04,1,0,9,1,ODI
34,12,39,39,100.0,1,5.4,6.54,0,0,4,2,ODI
35,12,50,36,138.9,2,3.4,10.89,0,1,1,1,ODI
36,12,65,33,197.0,0,8.1,7.38,0,0,8,2,ODI
37,12,14,7,200.0,0,6.3,7.06,1,0,3,2,ODI
38,12,13,22,59.1,1,7.4,7.16,2,0,1,2,ODI
39,12,15,22,68.2,0,7.6,9.34,0,0,8,1,ODI
40,12,55,34,161.8,2,2.7,3.38,1,1,11,1,ODI
41,12,40,25,160.0,0,4.7,6.36,0,0,9,2,ODI
42,12,95,54,175.9,2,7.2,6.37,1,0,1,1,ODI
43,12,28,16,175.0,1,2.5,11.05,0,0,1,2,ODI
44,12,13,25,52.0,3,4.5,3.38,1,0,2,1,ODI
45,12,14,7,200.0,3,1.2,10.49,1,0,9,1,ODI
46,12,99,62,159.7,1,1.9,10.06,0,0,5,1,ODI
47,12,97,52,186.5,0,3.2,4.53,2,0,9,2,ODI
48,12,43,31,138.7,1,5.8,6.54,0,0,10,2,ODI
49,12,22,13,169.2,1,5.6,10.24,1,0,3,2,ODI
50,12,74,43,172.1,0,4.3,7.03,0,1,4,1,ODI
1,13,23,13,176.9,2,1.8,7.85,2,0,11,1,ODI
2,13,14,13,107.7,2,2.7,7.89,2,0,1,2,ODI
3,13,2,14,14.3,1,2.8,7.64,0,0,7,2,ODI
4,13,19,28,67.9,3,6.6,8.17,1,0,11,2,ODI
5,13,87,45,193.3,1,7.9,6.49,0,1,10,2,ODI
6,13,8,9,88.9,0,6.1,8.11,0,0,6,1,ODI
7,13,26,25,104.0,3,3.1,9.31,2,0,10,2,ODI
8,13,34,25,136.0,1,0.6,11.4,1,0,11,2,ODI
9,13,57,35,162.9,2,2.0,5.32,1,0,8,1,ODI
10,13,47,36,130.6,0,5.3,4.47,1,0,10,2,ODI
11,13,65,36,180.6,2,5.8,11.11,0,0,3,1,ODI
12,13,6,15,40.0,2,8.0,3.4,1,0,2,1,ODI
13,13,29,19,152.6,1,7.8,7.88,0,0,10,2,ODI
14,13,79,48,164.6,2,9.6,7.52,0,0,8,2,ODI
15,13,21,12,175.0,0,8.8,5.83,1,1,5,2,ODI
16,13,31,28,110.7,3,7.6,7.55,2,0,11,1,ODI
17,13,71,48,147.9,3,6.7,4.08,1,0,3,2,ODI
18,13,88,55,160.0,1,8.1,8.32,1,0,6,1,ODI
19,13,16,25,64.0,3,1.8,9.01,1,0,3,1,ODI
20,13,83,61,136.1,2,2.3,4.7,1,0,7,1,ODI
21,13,28,18,155.6,1,6.4,3.91,1,0,11,2,ODI
22,13,22,14,157.1,0,8.6,7.91,0,0,10,1,ODI
23,13,82,46,178.3,3,9.9,10.43,1,0,10,1,ODI
24,13,58,34,170.6,1,1.8,9.19,0,0,9,1,ODI
25,13,29,26,111.5,3,7.3,3.3,2,0,6,1,ODI
26,13,79,56,141.1,0,8.9,5.04,1,0,6,2,ODI
27,13,38,23,165.2,3,9.1,6.47,1,0,7,1,ODI
28,13,50,43,116.3,3,9.5,3.25,0,0,2,1,ODI
29,13,62,41,151.2,3,1.0,6.17,2,0,7,2,ODI
30,13,45,25,180.0,0,7.9,3.45,1,0,8,1,ODI
31,13,69,53,130.2,1,6.5,4.91,2,0,10,2,ODI
32,13,29,15,193.3,0,4.5,8.86,0,0,6,1,ODI
33,13,23,20,115.0,3,3.8,5.13,1,0,7,1,ODI
34,13,58,31,187.1,0,2.8,9.45,2,0,8,2,ODI
35,13,29,16,181.2,3,7.3,5.38,1,0,7,2,ODI
36,13,49,29,169.0,0,4.4,3.18,1,0,11,1,ODI
37,13,12,15,80.0,0,8.8,4.89,0,0,1,2,ODI
38,13,64,45,142.2,1,9.8,11.11,1,0,4,1,ODI
39,13,6,23,26.1,2,2.5,11.37,1,0,8,1,ODI
40,13,27,18,150.0,2,5.8,3.02,1,0,9,1,ODI
41,13,3,15,20.0,0,0.4,11.62,0,0,2,1,ODI
42,13,79,54,146.3,1,5.3,7.17,0,0,9,1,ODI
43,13,10,22,45.5,1,7.8,4.26,0,0,2,1,ODI
44,13,24,12,200.0,0,2.7,4.77,2,0,8,1,ODI
45,13,29,28,103.6,0,8.1,5.96,0,1,7,2,ODI
46,13,48,31,154.8,3,7.9,8.39,0,0,6,1,ODI
47,13,26,21,123.8,0,0.7,4.88,2,0,8,1,ODI
48,13,72,40,180.0,1,3.7,3.88,1,0,4,1,ODI
49,13,87,50,174.0,0,8.7,8.36,0,0,2,1,ODI
50,13,15,25,60.0,1,1.4,11.02,2,0,4,1,ODI
1,14,66,35,188.6,0,5.9,10.52,0,0,7,1,T20I
2,14,57,48,118.8,1,3.3,5.24,0,0,1,2,T20I
3,14,61,42,145.2,0,8.1,5.74,2,0,9,2,T20I
4,14,27,29,93.1,1,5.9,4.36,2,0,4,1,T20I
5,14,16,28,57.1,1,1.0,10.26,2,0,5,1,T20I
6,14,97,52,186.5,1,5.4,10.19,0,0,1,1,T20I
7,14,88,57,154.4,0,8.9,6.21,1,0,8,1,T20I
8,14,46,39,117.9,3,8.7,6.34,1,0,3,1,T20I
9,14,87,60,145.0,3,7.5,11.08,1,0,11,1,T20I
10,14,4,19,21.1,1,7.9,6.11,0,0,6,2,T20I
11,14,61,31,196.8,3,3.8,6.28,1,0,7,1,T20I
12,14,17,18,94.4,3,3.4,7.19,0,0,7,1,T20I
13,14,69,52,132.7,1,3.7,11.09,2,0,2,1,T20I
14,14,19,27,70.4,2,0.2,5.48,1,0,6,1,T20I
15,14,78,48,162.5,0,2.1,9.47,2,1,5,2,T20I
16,14,95,53,179.2,0,0.5,6.09,1,0,7,1,T20I
17,14,60,34,176.5,1,2.2,10.64,1,0,9,2,T20I
18,14,3,14,21.4,1,4.3,3.37,2,0,11,2,T20I
19,14,95,56,169.6,0,2.3,4.84,1,0,2,2,T20I
20,14,94,52,180.8,3,3.8,11.65,0,1,7,2,T20I
21,14,74,52,142.3,3,6.5,4.66,2,0,3,1,T20I
22,14,95,62,153.2,1,5.1,9.96,1,0,3,1,T20I
23,14,22,17,129.4,3,7.7,3.97,2,0,6,1,T20I
24,14,75,38,197.4,3,5.7,10.63,2,0,2,1,T20I
25,14,57,45,126.7,3,7.8,7.15,1,0,3,2,T20I
26,14,99,66,150.0,1,7.9,6.21,1,0,5,2,T20I
27,14,54,29,186.2,0,3.9,10.05,1,0,11,1,T20I
28,14,48,38,126.3,1,7.0,9.82,0,0,1,2,T20I
29,14,61,38,160.5,3,8.4,3.91,1,0,1,1,T20I
30,14,67,46,145.7,0,9.4,6.81,1,1,9,1,T20I
31,14,77,52,148.1,0,9.5,11.55,2,0,5,1,T20I
32,14,52,30,173.3,2,8.8,9.74,2,0,11,2,T20I
33,14,53,39,135.9,3,0.9,11.98,2,0,11,1,T20I
34,14,80,50,160.0,0,6.4,6.0,0,0,1,1,T20I
35,14,22,29,75.9,1,2.6,3.86,0,0,8,1,T20I
36,14,56,40,140.0,1,3.1,7.44,2,0,10,1,T20I
37,14,42,29,144.8,3,5.5,4.41,1,0,9,1,T20I
38,14,96,65,147.7,2,5.3,8.85,2,0,7,2,T20I
39,14,17,17,100.0,2,0.1,4.94,1,0,3,2,T20I
40,14,34,23,147.8,2,9.3,4.81,0,1,6,2,T20I
41,14,3,7,42.9,1,9.0,3.47,1,0,4,1,T20I
42,14,74,43,172.1,3,4.3,9.71,0,0,7,2,T20I
43,14,70,51,137.3,0,7.1,7.54,2,0,5,1,T20I
44,14,74,37,200.0,3,9.8,8.7,1,0,10,1,T20I
45,14,18,27,66.7,2,5.4,10.51,2,0,10,1,T20I
46,14,64,40,160.0,2,3.3,6.26,0,0,10,2,T20I
47,14,69,37,186.5,2,4.4,3.47,0,0,5,1,T20I
48,14,5,2,250.0,0,3.0,5.17,0,0,9,2,T20I
49,14,59,38,155.3,1,9.3,3.19,0,0,5,1,T20I
50,14,39,33,118.2,3,3.0,5.54,1,1,5,1,T20I
1,15,87,61,142.6,0,9.9,6.27,0,0,3,2,T20I
2,15,66,47,140.4,0,7.2,7.6,0,0,4,1,T20I
3,15,52,44,118.2,2,1.3,8.55,2,0,3,1,T20I
4,15,31,20,155.0,3,6.9,8.21,2,0,1,2,T20I
5,15,48,38,126.3,3,0.1,3.32,1,1,5,1,T20I
6,15,49,28,175.0,1,5.8,11.11,0,0,11,2,T20I
7,15,63,46,137.0,1,0.2,8.11,2,0,5,1,T20I
8,15,75,49,153.1,3,9.2,8.5,0,0,3,2,T20I
9,15,26,30,86.7,2,8.5,7.16,1,0,1,2,T20I
10,15,1,8,12.5,2,9.2,9.72,0,0,10,1,T20I
11,15,72,45,160.0,0,9.5,9.68,2,0,6,2,T20I
12,15,44,42,104.8,2,7.7,7.09,0,0,2,1,T20I
13,15,87,53,164.2,2,4.3,10.99,0,0,6,2,T20I
14,15,12,11,109.1,3,0.5,6.19,0,0,7,2,T20I
15,15,81,56,144.6,3,0.9,6.98,1,0,7,2,T20I
16,15,6,21,28.6,1,7.7,4.59,0,0,5,2,T20I
17,15,11,25,44.0,1,6.4,6.47,1,0,7,2,T20I
18,15,35,29,120.7,1,8.4,10.32,2,0,5,2,T20I
19,15,96,51,188.2,2,7.4,11.69,0,0,4,2,T20I
20,15,66,41,161.0,1,2.7,11.14,2,0,8,2,T20I
21,15,9,18,50.0,1,6.8,10.29,2,0,8,1,T20I
22,15,65,46,141.3,3,4.0,8.38,0,0,7,2,T20I
23,15,17,24,70.8,0,1.8,8.04,2,0,6,1,T20I
24,15,74,51,145.1,1,1.1,6.78,2,0,4,1,T20I
25,15,95,54,175.9,0,6.7,4.65,0,0,6,1,T20I
26,15,31,25,124.0,1,5.9,6.34,0,0,9,2,T20I
27,15,1,15,6.7,1,1.8,6.32,2,0,3,2,T20I
28,15,63,44,143.2,2,6.0,7.01,1,0,11,1,T20I
29,15,21,21,100.0,1,1.5,11.4,1,0,11,2,T20I
30,15,7,12,58.3,3,0.0,0.0,1,1,1,2,T20I
31,15,58,48,120.8,0,7.8,8.28,2,0,10,1,T20I
32,15,16,10,160.0,2,1.7,4.69,1,0,5,2,T20I
33,15,41,30,136.7,1,3.3,11.83,2,0,1,2,T20I
34,15,90,52,173.1,2,6.4,7.09,2,0,2,2,T20I
35,15,48,35,137.1,2,4.0,9.47,1,1,11,1,T20I
36,15,60,48,125.0,1,8.0,4.49,1,0,9,1,T20I
37,15,37,32,115.6,2,5.1,10.25,2,0,11,2,T20I
38,15,19,10,190.0,2,9.0,10.87,1,0,6,2,T20I
39,15,46,27,170.4,0,4.4,8.36,1,0,10,2,T20I
40,15,48,29,165.5,3,8.1,3.67,1,1,4,1,T20I
41,15,17,23,73.9,3,4.3,7.52,1,0,4,1,T20I
42,15,85,45,188.9,0,3.8,11.05,1,0,3,1,T20I
43,15,26,29,89.7,0,9.4,11.99,0,0,8,2,T20I
44,15,93,50,186.0,0,7.5,9.73,1,0,5,2,T20I
45,15,3,21,14.3,0,5.1,9.49,0,0,11,2,T20I
46,15,71,35,202.9,0,8.6,11.31,1,0,8,2,T20I
47,15,74,45,164.4,1,5.7,4.22,0,0,11,1,T20I
48,15,78,39,200.0,1,6.8,7.66,0,0,5,1,T20I
49,15,30,23,130.4,0,6.3,7.29,1,0,1,1,T20I
50,15,77,51,151.0,2,2.5,5.3,2,0,2,1,T20I
1,16,3,6,50.0,2,5.2,5.29,1,0,1,1,ODI
2,16,57,45,126.7,2,4.5,7.44,2,0,11,2,ODI
3,16,34,35,97.1,2,3.4,11.16,0,0,4,2,ODI
4,16,47,37,127.0,2,3.5,3.23,0,0,10,2,ODI
5,16,58,30,193.3,1,0.7,7.03,2,1,2,2,ODI
6,16,41,28,146.4,3,5.5,6.58,2,0,9,1,ODI
7,16,45,27,166.7,1,4.4,5.33,1,0,2,1,ODI
8,16,7,11,63.6,0,3.4,6.78,2,0,1,1,ODI
9,16,4,6,66.7,1,0.6,7.73,1,0,7,2,ODI
10,16,64,52,123.1,0,0.8,3.59,1,0,5,2,ODI
11,16,19,15,126.7,1,8.8,9.41,0,0,10,1,ODI
12,16,64,36,177.8,1,7.6,10.07,2,0,10,1,ODI
13,16,50,33,151.5,3,5.3,6.33,0,0,2,1,ODI
14,16,55,28,196.4,0,5.9,10.81,1,0,5,2,ODI
15,16,7,6,116.7,3,6.4,11.9,1,0,4,2,ODI
16,16,100,58,172.4,2,8.0,8.72,0,0,9,1,ODI
17,16,69,42,164.3,1,7.8,5.74,0,0,9,2,ODI
18,16,40,22,181.8,3,3.0,3.77,0,0,1,1,ODI
19,16,80,51,156.9,1,6.5,7.21,0,0,9,1,ODI
20,16,46,37,124.3,0,1.3,4.62,1,0,1,2,ODI
21,16,1,17,5.9,3,5.3,3.21,0,0,1,2,ODI
22,16,19,15,126.7,2,6.0,10.13,2,0,10,1,ODI
23,16,30,33,90.9,3,9.9,6.23,1,0,5,2,ODI
24,16,33,29,113.8,1,8.5,8.37,2,0,3,1,ODI
25,16,5,10,50.0,1,8.3,9.55,2,1,2,2,ODI
26,16,9,4,225.0,3,8.6,6.74,2,0,2,1,ODI
27,16,57,45,126.7,3,7.3,8.32,2,0,11,1,ODI
28,16,4,11,36.4,3,0.4,5.68,1,0,1,2,ODI
29,16,37,19,194.7,1,7.3,9.88,0,0,5,2,ODI
30,16,26,27,96.3,1,2.0,7.36,0,1,8,2,ODI
31,16,72,56,128.6,3,0.5,7.91,2,0,7,2,ODI
32,16,11,17,64.7,0,0.6,5.48,0,0,1,2,ODI
33,16,21,13,161.5,1,3.7,5.41,1,0,1,2,ODI
34,16,13,10,130.0,1,0.4,10.77,0,0,4,1,ODI
35,16,25,27,92.6,1,2.3,5.35,0,1,5,1,ODI
36,16,58,48,120.8,3,4.8,9.17,2,0,1,1,ODI
37,16,65,43,151.2,2,8.8,10.16,0,0,2,2,ODI
38,16,69,41,168.3,1,6.5,3.31,1,0,6,1,ODI
39,16,50,41,122.0,2,4.7,11.7,1,0,1,2,ODI
40,16,63,42,150.0,3,9.7,11.98,2,1,2,2,ODI
41,16,38,20,190.0,3,7.3,5.76,0,0,11,1,ODI
42,16,89,48,185.4,1,5.7,8.26,2,0,6,2,ODI
43,16,91,59,154.2,2,5.0,5.04,1,0,11,2,ODI
44,16,16,11,145.5,2,0.0,0.0,1,0,4,1,ODI
45,16,97,56,173.2,1,5.3,8.77,0,0,1,2,ODI
46,16,30,19,157.9,2,9.1,5.24,1,0,1,2,ODI
47,16,66,40,165.0,0,1.6,10.67,0,0,4,2,ODI
48,16,30,20,150.0,1,9.6,5.77,0,0,11,2,ODI
49,16,32,22,145.5,1,0.1,8.3,2,0,6,1,ODI
50,16,49,35,140.0,2,0.9,3.24,0,1,9,1,ODI
1,17,43,37,116.2,0,4.0,6.47,2,0,6,1,ODI
2,17,81,47,172.3,2,6.8,6.63,1,0,11,1,ODI
3,17,32,25,128.0,3,8.3,10.32,0,0,8,1,ODI
4,17,86,52,165.4,3,8.4,7.41,2,0,10,1,ODI
5,17,79,45,175.6,3,8.7,11.06,2,1,11,1,ODI
6,17,25,19,131.6,3,9.0,5.55,2,0,3,1,ODI
7,17,100,68,147.1,1,3.2,11.84,0,0,4,1,ODI
8,17,84,50,168.0,0,0.4,9.2,1,0,10,2,ODI
9,17,82,41,200.0,3,6.5,11.29,0,0,5,1,ODI
10,17,32,25,128.0,1,5.9,7.89,2,1,2,1,ODI
11,17,81,53,152.8,1,8.2,6.08,0,0,10,2,ODI
12,17,33,23,143.5,1,8.1,4.5,0,0,3,2,ODI
13,17,47,33,142.4,0,4.4,8.42,2,0,3,1,ODI
14,17,74,37,200.0,0,4.3,4.25,2,0,2,2,ODI
15,17,7,9,77.8,1,1.1,4.78,1,0,4,2,ODI
16,17,24,19,126.3,1,7.2,11.7,0,0,10,2,ODI
17,17,16,9,177.8,1,4.5,6.6,1,0,3,2,ODI
18,17,23,17,135.3,0,1.0,5.8,0,0,4,2,ODI
19,17,15,16,93.8,0,1.8,7.48,0,0,8,1,ODI
20,17,40,22,181.8,2,5.7,3.14,1,1,3,2,ODI
21,17,91,63,144.4,3,4.8,9.01,0,0,9,2,ODI
22,17,24,24,100.0,2,6.9,10.86,1,0,6,2,ODI
23,17,40,37,108.1,3,8.5,10.91,2,0,1,2,ODI
24,17,43,25,172.0,3,1.3,6.69,2,0,3,2,ODI
25,17,97,56,173.2,1,6.4,3.81,1,1,4,2,ODI
26,17,0,19,0.0,0,7.0,8.01,1,0,6,1,ODI
27,17,56,41,136.6,3,6.3,9.96,2,0,10,1,ODI
28,17,42,28,150.0,1,7.4,11.4,2,0,11,1,ODI
29,17,8,20,40.0,3,4.5,7.72,0,0,8,1,ODI
30,17,11,10,110.0,0,6.4,6.76,1,1,10,1,ODI
31,17,82,52,157.7,0,8.2,9.39,2,0,6,1,ODI
32,17,7,17,41.2,1,1.1,3.1,1,0,1,1,ODI
33,17,28,24,116.7,0,10.0,8.24,2,0,10,1,ODI
34,17,78,41,190.2,3,2.8,9.52,2,0,2,1,ODI
35,17,18,14,128.6,0,1.4,9.55,1,0,1,1,ODI
36,17,23,23,100.0,0,6.9,5.07,1,0,4,1,ODI
37,17,46,23,200.0,0,1.1,3.59,1,0,10,1,ODI
38,17,35,30,116.7,0,5.3,11.28,1,0,1,1,ODI
39,17,50,45,111.1,1,3.6,4.88,0,0,10,1,ODI
40,17,40,36,111.1,2,3.1,7.8,2,0,3,2,ODI
41,17,49,30,163.3,2,3.1,4.71,2,0,6,1,ODI
42,17,19,25,76.0,1,2.6,4.23,1,0,3,2,ODI
43,17,53,42,126.2,1,7.5,10.33,0,0,1,2,ODI
44,17,79,42,188.1,1,8.1,5.62,0,0,8,2,ODI
45,17,0,9,0.0,1,0.7,4.1,0,1,3,2,ODI
46,17,41,22,186.4,2,9.6,4.07,2,0,3,2,ODI
47,17,53,39,135.9,1,0.1,11.3,0,0,2,2,ODI
48,17,90,56,160.7,0,6.6,9.33,0,0,4,1,ODI
49,17,59,45,131.1,0,6.1,6.13,0,0,4,2,ODI
50,17,12,16,75.0,1,9.0,3.84,0,1,8,1,ODI
1,18,44,22,200.0,2,9.4,8.53,1,0,8,2,T20I
2,18,26,18,144.4,3,4.6,9.06,2,0,11,2,T20I
3,18,4,2,200.0,3,3.3,9.77,2,0,10,1,T20I
4,18,69,44,156.8,2,3.0,6.78,1,0,11,2,T20I
5,18,31,20,155.0,2,0.8,9.51,1,0,5,1,T20I
6,18,91,63,144.4,3,5.2,3.25,0,0,1,1,T20I
7,18,55,34,161.8,2,8.4,3.85,2,0,10,2,T20I
8,18,83,58,143.1,2,2.6,7.67,0,0,7,2,T20I
9,18,95,65,146.2,3,5.8,4.1,0,0,3,1,T20I
10,18,93,59,157.6,2,1.7,11.85,1,1,1,1,T20I
11,18,30,35,85.7,0,4.9,3.45,0,0,9,2,T20I
12,18,47,40,117.5,1,5.4,8.87,1,0,9,1,T20I
13,18,79,56,141.1,1,2.6,7.16,0,0,1,1,T20I
14,18,53,34,155.9,1,7.6,6.36,0,0,5,1,T20I
15,18,46,23,200.0,2,8.4,4.21,2,0,3,2,T20I
16,18,35,32,109.4,0,5.9,9.18,0,0,7,2,T20I
17,18,96,65,147.7,1,3.0,7.13,2,0,10,2,T20I
18,18,68,34,200.0,1,10.0,4.81,2,0,2,2,T20I
19,18,14,9,155.6,3,4.6,8.19,0,0,1,1,T20I
20,18,67,49,136.7,2,3.8,8.32,1,1,4,2,T20I
21,18,31,21,147.6,0,9.3,10.6,1,0,11,2,T20I
22,18,86,48,179.2,2,3.7,10.31,1,0,1,2,T20I
23,18,46,36,127.8,3,7.3,10.03,1,0,6,2,T20I
24,18,80,45,177.8,0,9.8,7.99,2,0,4,1,T20I
25,18,55,37,148.6,0,9.9,10.5,2,1,9,1,T20I
26,18,34,28,121.4,1,9.4,8.55,1,0,4,2,T20I
27,18,60,31,193.5,1,1.8,5.19,1,0,8,1,T20I
28,18,67,37,181.1,3,0.5,4.59,1,0,7,1,T20I
29,18,46,32,143.8,0,9.6,9.71,1,0,2,1,T20I
30,18,76,47,161.7,0,0.7,5.95,2,0,1,2,T20I
31,18,6,14,42.9,3,9.6,3.31,1,0,5,1,T20I
32,18,49,36,136.1,2,3.3,9.62,0,0,9,1,T20I
33,18,97,57,170.2,2,5.4,7.74,0,0,4,1,T20I
34,18,29,32,90.6,2,7.5,10.51,1,0,9,2,T20I
35,18,82,51,160.8,2,4.5,10.77,2,0,3,2,T20I
36,18,81,41,197.6,1,1.3,9.22,0,0,10,1,T20I
37,18,4,8,50.0,2,9.9,8.64,0,0,3,1,T20I
38,18,76,50,152.0,3,0.0,0.0,0,0,6,1,T20I
39,18,20,22,90.9,0,9.7,9.76,0,0,11,1,T20I
40,18,13,21,61.9,2,5.7,7.79,0,0,4,2,T20I
41,18,17,13,130.8,1,5.4,5.46,0,0,5,2,T20I
42,18,65,40,162.5,2,2.5,11.63,1,0,4,1,T20I
43,18,86,51,168.6,2,6.2,11.99,0,0,10,2,T20I
44,18,65,42,154.8,2,3.1,5.6,1,0,5,1,T20I
45,18,87,47,185.1,1,6.0,8.71,0,0,2,2,T20I
46,18,38,21,181.0,2,4.1,8.5,0,0,6,1,T20I
47,18,98,64,153.1,1,2.4,7.93,0,0,9,1,T20I
48,18,49,41,119.5,2,10.0,11.19,1,0,5,2,T20I
49,18,43,24,179.2,1,4.7,11.3,2,0,6,1,T20I
50,18,37,30,123.3,0,1.3,5.39,0,1,10,1,T20I
1,19,93,47,197.9,1,9.2,8.68,0,0,10,1,T20I
2,19,91,55,165.5,0,5.7,7.22,1,0,6,2,T20I
3,19,89,60,148.3,0,0.4,3.44,0,0,1,2,T20I
4,19,90,62,145.2,0,6.8,7.58,0,0,3,1,T20I
5,19,30,31,96.8,0,7.0,5.39,0,0,6,1,T20I
6,19,33,23,143.5,2,3.1,7.21,0,0,8,1,T20I
7,19,91,52,175.0,2,1.2,6.56,1,0,4,2,T20I
8,19,95,57,166.7,3,0.5,3.23,0,0,9,1,T20I
9,19,82,61,134.4,0,9.9,3.92,2,0,6,2,T20I
10,19,59,34,173.5,1,8.1,4.58,0,0,6,2,T20I
11,19,39,35,111.4,3,5.0,8.82,2,0,10,2,T20I
12,19,49,28,175.0,1,7.2,6.58,0,0,3,2,T20I
13,19,97,58,167.2,0,3.3,8.94,0,0,7,1,T20I
14,19,88,64,137.5,2,8.7,3.24,0,0,2,2,T20I
15,19,86,44,195.5,3,8.8,11.33,1,0,11,2,T20I
16,19,14,23,60.9,3,9.5,6.86,1,0,1,2,T20I
17,19,47,40,117.5,2,8.7,3.41,2,0,2,1,T20I
18,19,34,32,106.2,3,3.6,11.13,0,0,11,2,T20I
19,19,70,37,189.2,3,5.0,6.24,0,0,8,1,T20I
20,19,45,30,150.0,1,4.4,4.9,1,0,7,2,T20I
21,19,81,51,158.8,1,6.8,8.06,2,0,1,2,T20I
22,19,98,64,153.1,2,4.8,10.23,0,0,7,1,T20I
23,19,0,16,0.0,3,4.5,4.27,0,0,10,1,T20I
24,19,55,47,117.0,1,7.4,3.49,2,0,2,1,T20I
25,19,100,60,166.7,3,6.8,11.01,2,1,10,1,T20I
26,19,90,54,166.7,2,4.2,9.14,0,0,9,2,T20I
27,19,93,51,182.4,2,6.4,9.98,2,0,1,1,T20I
28,19,49,28,175.0,2,9.8,10.58,2,0,7,1,T20I
29,19,31,35,88.6,2,5.7,5.18,1,0,7,1,T20I
30,19,61,30,203.3,1,9.1,9.82,1,1,11,2,T20I
31,19,72,56,128.6,1,4.4,6.22,0,0,5,2,T20I
32,19,88,49,179.6,0,5.2,11.44,0,0,4,1,T20I
33,19,10,15,66.7,3,9.8,11.24,1,0,2,1,T20I
34,19,43,27,159.3,0,9.1,10.64,1,0,1,2,T20I
35,19,100,57,175.4,1,0.3,11.74,1,0,7,1,T20I
36,19,74,52,142.3,2,0.9,9.57,1,0,11,1,T20I
37,19,31,21,147.6,0,1.8,10.79,2,0,4,1,T20I
38,19,91,59,154.2,1,3.3,6.3,0,0,5,2,T20I
39,19,34,34,100.0,2,3.8,7.03,1,0,4,1,T20I
40,19,6,19,31.6,3,0.5,7.55,2,0,6,2,T20I
41,19,16,20,80.0,0,0.2,3.37,2,0,6,2,T20I
42,19,67,43,155.8,1,10.0,5.95,1,0,3,1,T20I
43,19,65,35,185.7,3,6.7,10.44,0,0,2,2,T20I
44,19,21,20,105.0,2,2.3,8.87,0,0,5,2,T20I
45,19,69,43,160.5,1,8.9,10.72,0,1,6,1,T20I
46,19,64,48,133.3,3,6.1,5.0,1,0,9,2,T20I
47,19,88,57,154.4,1,0.3,5.49,1,0,6,1,T20I
48,19,15,25,60.0,0,0.5,4.51,0,0,2,2,T20I
49,19,76,46,165.2,0,4.2,3.03,1,0,9,2,T20I
50,19,43,40,107.5,0,7.5,4.97,1,0,10,2,T20I
1,20,26,16,162.5,3,10.0,11.35,2,0,9,2,T20I
2,20,44,36,122.2,0,9.4,7.91,0,0,6,2,T20I
3,20,78,46,169.6,3,6.9,5.65,0,0,8,2,T20I
4,20,52,33,157.6,3,9.0,6.33,1,0,6,2,T20I
5,20,14,10,140.0,2,4.6,7.11,2,0,3,2,T20I
6,20,84,53,158.5,1,8.7,4.13,0,0,4,2,T20I
7,20,26,30,86.7,3,7.5,8.29,2,0,5,1,T20I
8,20,33,27,122.2,0,7.0,4.6,0,0,1,2,T20I
9,20,62,40,155.0,0,6.6,3.35,1,0,9,1,T20I
10,20,9,24,37.5,0,1.8,7.04,2,0,8,1,T20I
11,20,17,22,77.3,3,7.3,7.31,2,0,9,2,T20I
12,20,13,12,108.3,2,9.2,7.82,2,0,1,2,T20I
13,20,98,56,175.0,0,1.4,9.32,2,0,11,1,T20I
14,20,40,28,142.9,2,1.9,8.39,1,0,8,1,T20I
15,20,23,19,121.1,1,5.6,7.99,2,1,7,2,T20I
16,20,84,42,200.0,3,1.5,4.17,0,0,1,2,T20I
17,20,62,50,124.0,2,3.1,6.66,0,0,2,1,T20I
18,20,2,6,33.3,3,9.6,9.09,1,0,11,2,T20I
19,20,81,58,139.7,2,5.6,4.37,1,0,9,2,T20I
20,20,61,35,174.3,0,4.9,3.95,1,1,5,2,T20I
21,20,10,16,62.5,1,2.1,8.37,2,0,4,2,T20I
22,20,45,23,195.7,0,2.7,9.1,2,0,6,1,T20I
23,20,38,34,111.8,1,6.7,5.53,2,0,3,2,T20I
24,20,15,12,125.0,3,1.9,7.15,2,0,1,2,T20I
25,20,4,13,30.8,3,6.8,7.4,0,0,8,2,T20I
26,20,10,24,41.7,0,0.5,10.48,2,0,5,2,T20I
27,20,47,30,156.7,1,6.9,8.89,0,0,8,1,T20I
28,20,77,51,151.0,0,3.8,11.98,0,0,4,2,T20I
29,20,32,20,160.0,0,0.5,9.6,0,0,5,1,T20I
30,20,99,67,147.8,3,0.1,7.36,1,1,9,1,T20I
31,20,96,59,162.7,3,7.7,10.71,0,0,9,1,T20I
32,20,40,22,181.8,3,5.6,10.54,0,0,8,1,T20I
33,20,70,54,129.6,2,1.4,8.91,1,0,1,1,T20I
34,20,96,50,192.0,1,1.0,9.28,2,0,2,1,T20I
35,20,80,58,137.9,1,6.1,9.93,1,0,11,2,T20I
36,20,63,39,161.5,3,5.9,8.94,2,0,5,1,T20I
37,20,35,20,175.0,0,4.7,6.51,1,0,10,1,T20I
38,20,86,60,143.3,3,8.4,8.77,1,0,10,1,T20I
39,20,1,9,11.1,3,8.5,3.32,2,0,10,1,T20I
40,20,71,50,142.0,3,7.6,11.94,0,1,1,2,T20I
41,20,91,61,149.2,3,1.0,4.66,0,0,1,2,T20I
42,20,13,16,81.2,1,4.4,10.42,2,0,4,2,T20I
43,20,52,43,120.9,0,5.9,11.74,0,0,8,2,T20I
44,20,86,47,183.0,1,7.6,7.97,1,0,6,2,T20I
45,20,99,50,198.0,1,6.6,7.66,0,1,9,1,T20I
46,20,58,44,131.8,1,7.9,4.98,2,0,8,1,T20I
47,20,39,34,114.7,2,0.5,6.0,1,0,5,1,T20I
48,20,76,48,158.3,1,8.5,7.72,0,0,11,2,T20I
49,20,90,57,157.9,0,3.5,5.54,1,0,2,1,T20I
50,20,91,61,149.2,2,8.6,8.51,0,1,7,1,T20I
